F1,AUC-ROC,Precision,Recall
0.8829787234042553,0.952908497036969,0.9222222222222223,0.8469387755102041
