dataset,F1,AUC-ROC,Precision,Recall,F1_delta
Prod 1,0.0,0.5132543607295944,0.0,0.0,-0.8829787234042553
Prod 2,0.0,0.46461004273504275,0.0,0.0,-0.8829787234042553
Prod 3,0.6474820143884892,0.99977720531095,1.0,0.4787234042553192,-0.23549670901576614
Prod 4,0.0,0.5171672787979966,0.0,0.0,-0.8829787234042553
Prod 5,0.4251968503937008,0.9319421768707483,1.0,0.27,-0.4577818730105545
