F1,AUC-ROC,Precision,Recall
0.7167630057803468,0.9605494455801453,0.8266666666666667,0.6326530612244898
