F1,AUC-ROC,Precision,Recall
0.5396825396825397,0.9771288351440746,0.391705069124424,0.8673469387755102
