F1,AUC-ROC,Precision,Recall
0.8390804597701149,0.9529085867605341,0.9605263157894737,0.7448979591836735
