{
  "Precision": 0.961038961038961,
  "Recall": 0.7551020408163265,
  "F1": 0.8457142857142858,
  "ROC-AUC": 0.9622294296165287,
  "PR-AUC": 0.8668740190725254,
  "Predicted Fraud Count": 77,
  "Actual Fraud Count": 98,
  "Confusion Matrix": [
    [
      56861,
      3
    ],
    [
      24,
      74
    ]
  ]
}